	TVIZ
	OPTT
	RNVA
	VXUP
	GBSN
	DRWIW
	GYRO
	FREE
1972	SHLM
1972	COKE
1972	ALOG
1972	AMAT
1973	WDFC
1980	KLAC
1980	AAPL
1981	DAIO
1981	CBRL
1981	FONR
1981	CSII
1981	DGAS
1981	SEIC
1982	CORT
1982	QSII
1982	EMCI
1982	CSPI
1983	SPAN
1983	CTAS
1983	PAYX
1983	ALOT
1983	GIGA
1983	CASY
1983	VALU
1983	CAMP
1983	KTCC
1983	RELL
1983	HCSG
1983	AMGN
1983	ISRL
1984	ENZN
1984	NANO
1984	MGRC
1984	LRCX
1984	MENT
1984	IDTI
1985	HTCH
1985	ROST
1985	LYTS
1985	ACAD
1985	JKHY
1986	MSFT
1986	CYTR
1986	TROW
1986	TECD
1986	SKYW
1986	ASTE
1986	WERN
1986	AEPI
1986	LAKE
1986	CY
1986	SIGM
1986	XOMA
1986	FISV
1986	DGICB
1986	JJSF
1986	PTSI
1986	LLTC
1986	MRTN
1986	HTLD
1986	NAVG
1986	CERN
1986	AMWD
1986	RGEN
1986	ADBE
1986	VIVO
1987	CYBE
1987	IIVI
1987	IMKTA
1987	ICCC
1987	EEI
1987	CNBKA
1987	LABL
1987	PLAB
1987	CNMD
1987	SAFM
1987	CELG
1987	FAST
1987	FBNC
1987	XRAY
1988	ALTR
1988	TORM          
1988	MXIM
1989	CRUS
1989	GIII
1989	SYMC
1989	SPLS
1989	NEOG
1989	CGNX
1989	MFRI
1989	IMGN
1989	GSBC
1989	DGII
1990	CSCO
1990	BEAV
1990	MTRX
1990	HOLX
1990	ACAT
1990	XLNX
1990	TRMB
1991	ARIS
1991	MNRO
1991	AMSC
1991	ISIS
1991	ALKS
1991	QCOM
1991	RTK
1991	STFC
1991	BONT
1991	EZPW
1991	TTEK
1991	VRTX
1991	PRGS
1991	FCFS
1991	REGN
1991	LCUT
1991	IDXX
1991	MGIC
1991	ODFL
1991	JBSS
1991	ISIG
1991	ZBRA
1991	WRLD
1991	ATML
1991	SONC
1992	SCLN
1992	SCHL
1992	COLB
1992	ESRX
1992	SMRT
1992	STEM
1992	HMSY
1992	ULBI
1992	DWCH
1992	MRVC
1992	EFII
1992	CAKE
1992	OFIX
1992	AHPI
1992	SPNS
1992	USAK
1992	FINL
1992	CPSS
1992	ABAX
1992	TRIB
1992	CACC
1992	LAYN
1992	ICUI
1992	SPNC
1992	FRED
1992	BBBY
1992	WIRE
1992	KOPN
1992	PDCO
1992	PDLI
1992	PRCP
1992	GILD
1992	MSON
1992	SNPS
1992	SBUX
1992	BAMM
1993	NATH
1993	FLIR
1993	SCHN
1993	UFPT
1993	MCHP
1993	PLNR
1993	PRKR
1993	RCKY
1993	PTEN
1993	ORLY
1993	INOD
1993	MCRI
1993	INTU
1993	GMCR
1993	MAGS
1993	VICL
1993	SCON
1993	FOSL
1993	CENT
1993	ITRI
1993	UTEK
1993	WMAR
1993	LAND
1993	URBN
1993	AVID
1993	SCVL
1993	UFPI
1993	KTEC
1993	UEIC
1993	LSTR
1993	CREE
1993	SANM
1993	ROCK
1993	SHLO
1993	SHOO
1993	BANF
1993	OKSB
1993	PERY
1993	PZZA
1993	CASH
1993	BBSI
1994	CVTI
1994	FLEX
1994	VVUS
1994	TSCO
1994	EMMS
1994	CPRT
1994	SSYS
1994	SGMA
1994	CETV
1994	LJPC
1994	TESS
1994	PENN
1994	VECO
1994	ARIA
1994	WAVX
1994	DSPG
1994	USAP
1994	NNBR
1994	MATW
1994	MIND
1994	MTSN
1994	TSEM
1994	AZPN
1994	ADTN
1994	ARTX
1994	MINI
1994	ABCB
1994	DAKT
1994	APOL
1994	ZEUS
1994	BCRX
1995	FEIC
1995	ASFI
1995	NTAP
1995	ANAD
1995	SNDK
1995	ASML
1995	MYGN
1995	AEIS
1995	HLIT
1995	ISSI
1995	NWPX
1995	KFRC
1995	PRXL
1995	DSWL
1995	RICK
1995	SMSI
1995	BRKS
1995	WSTL
1995	POOL
1995	SBGI
1995	CTXS
1995	RCII
1995	NATI
1995	RSYS
1995	DLTR
1995	IVAC
1995	ISNS
1995	NSIT
1995	HDNG
1995	ATLC
1995	TAIT
1995	DISH
1995	HSIC
1996	MVIS
1996	HUBG
1996	TACT
1996	ARQL
1996	IRIX
1996	STRA
1996	STNR
1996	TAXI
1996	ISCA
1996	STLD
1996	STAF
1996	LPTH
1996	UNFI
1996	AWRE
1996	NBIX
1996	LNDC
1996	ALXN
1996	ARDM
1996	YHOO
1996	TISA
1996	JAKK
1996	HIBB
1996	SRCL
1996	BVSN
1996	LAMR
1996	RSTI
1996	KVHI
1996	SYKE
1996	PRGX
1996	CMCO
1996	VSAT
1996	AFFX
1996	PLUS
1996	CALM
1996	TTEC
1996	PLCM
1996	SNAK
1996	EXAC
1996	ANSS
1996	PFBI
1996	PEGA
1996	CHKP
1996	CSGS
1996	SEAC
1996	CENX
1996	GERN
1996	FLML
1996	WLFC
1996	OTEX
1996	FORR
1997	CRZO
1997	EPIQ
1997	BASI
1997	RYAAY
1997	TTWO
1997	POWI
1997	SYNT
1997	RMBS
1997	SLGN
1997	FARO
1997	EMKR
1997	ELTK
1997	GIFI
1997	AEHR
1997	HSKA
1997	PSEM
1997	CRESY
1997	OZRK
1997	RNWK
1997	MTSL
1997	LOGI
1997	CHRW
1997	CERS
1997	OSIS
1997	AMCC
1997	RDCM
1997	EEFT
1997	RITT
1997	EDAP
1997	AMZN
1997	CTHR
1997	CTIB
1997	CTIC
1997	CLWT
1997	ACAS
1997	CWST
1997	PGNX
1997	PLCE
1997	SNHY
1998	EBAY
1998	MSTR
1998	BEBE
1998	BDMS
1998	MRCY
1998	MANH
1998	RMTI
1998	CMLS
1998	ELON
1998	RBCAA
1998	SRDX
1998	VRSN
1998	BRCM
1998	LMIA
1998	AXTI
1998	NUTR
1998	ICLR
1998	ULTI
1998	CTSH
1998	COLM
1998	COBZ
1998	CECO
1998	CFNL
1998	AMKR
1998	PDII
1998	EVOL
1998	JST
1998	SCSS
1998	MBWM
1998	CSGP
1998	PCCC
1998	CRAI
1999	OBAS
1999	IGLD
1999	AMRI
1999	IDSY
1999	PCLN
1999	ABTL
1999	NVDA
1999	FLWS
1999	UTHR
1999	CRDS
1999	GAIA
1999	SALM
1999	FNSR
1999	NTCT
1999	MKSI
1999	QUIK
1999	INAP
1999	EXTR
1999	STMP
1999	EPAY
1999	PFSW
1999	AKAM
1999	TIVO
1999	ARLP
1999	ININ
1999	TUES
1999	CLCT
1999	BMRN
1999	PLUG
1999	FCS
1999	RDWR
1999	FFIV
1999	JCOM
1999	PRFT
1999	FISI
1999	ROIA
1999	PCTI
1999	PSUN
1999	EGOV
1999	LIOX
1999	SBSA
1999	ALSK
1999	EGAN
1999	DTLK
1999	IMMR
1999	SBAC
1999	BSQR
1999	HSII
1999	BRCD
1999	PVTB
1999	AUDC
2000	CRWN
2000	RIGL
2000	ACPW
2000	RECN
2000	ILMN
2000	ACLS
2000	ARRY
2000	MDCO
2000	DYAX
2000	ISIL
2000	LTRX
2000	QBAK
2000	LPSN
2000	CPHD
2000	ISRG
2000	ISSC
2000	PXLW
2000	LMNX
2000	PTIE
2000	SQNM
2000	CPST
2000	SPRT
2000	AGEN
2000	ENTG
2000	AFOP
2000	POZN
2000	TTMI
2000	EQIX
2000	PMBC
2000	TSYS
2000	SMTX
2000	CAMT
2000	EXEL
2000	ARNA
2000	CCMP
2000	SLAB
2000	BBGI
2000	XXIA
2000	OVTI
2000	CGEN
2000	SGMO
2000	ONVI
2000	NVMI
2000	GNVC
2000	VASC
2000	GRMN
2000	DCTH
2000	UTSI
2000	UTIW
2000	RTIX
2000	HBIO
2000	TBIO
2000	DRRX
2000	MRVL
2000	HSTM
2001	ABCO
2001	ALGN
2001	OMCL
2001	WOOF
2001	BABY
2001	PDFS
2001	AIQ
2001	CCRN
2001	SGEN
2001	GLAD
2001	MOSY
2001	EXAS
2002	COSI
2002	MANT
2002	KIRK
2002	CPSI
2002	OSTK
2002	RRGB
2002	WYNN
2002	MMLP
2002	SAFT
2002	VRNT
2002	JBLU
2002	CHI
2002	BGFV
2002	NFLX
2002	CME
2002	STX
2002	PRAA
2002	SYNA
2003	DTSI
2003	NTGR
2003	PRSC
2003	MRLN
2003	BWLD
2003	TSRA
2003	TICC
2003	TCBI
2003	FORM
2003	IPAS
2003	NXST
2003	IPCC
2003	CALD
2003	GOOD
2003	CHY
2003	CTRP
2003	CONN
2004	HURN
2004	BLKB
2004	MCHX
2004	INTX
2004	STXS
2004	WRES
2004	CSCD
2004	DWA
2004	MFLX
2004	DVAX
2004	AINV
2004	ANGO
2004	MKTX
2004	DRAD
2004	CHCI
2004	SNMX
2004	CHEV
2004	MNKD
2004	SBNY
2004	GOOG
2004	CVGI
2004	NILE
2004	NUVA
2004	THRX
2004	RJET
2004	JRJC
2004	JOBS
2004	ELOS
2004	GTXI
2004	TXRH
2004	CUTR
2004	NURO
2004	PSEC
2004	NCTY
2004	CSQ
2004	CYTK
2004	MPWR
2004	MNTA
2004	ARCC
2004	LONG
2004	QCCO
2004	UCTT
2004	ALNY
2004	CLMS
2004	BECN
2005	BCBP
2005	GHDX
2005	CGO
2005	CTRN
2005	GASS
2005	GAIN
2005	CYNO
2005	XNPT
2005	SIMO
2005	VIMC
2005	GRVY
2005	SNSS
2005	BLDR
2005	JVA
2005	MORN
2005	RUTH
2005	KONA
2005	BIDU
2005	ATRC
2005	ZUMZ
2005	SPWR
2005	CNTF
2005	LHCG
2005	LINC
2005	NCIT
2005	ITRN
2005	ROLL
2005	NATL
2005	UEPS
2005	WBMD
2005	IRBT
2005	ACTS
2005	RAIL
2005	DXCM
2005	MELA
2005	DMND
2005	AMSF
2005	DRYS
2005	THLD
2005	BOFI
2005	NXTM
2005	CNSL
2005	UACL
2006	APDNW
2006	APDN
2006	ANY
2006	ANTE
2006	ANIP
2006	ANIK
2006	ANDE
2006	ANDAU
2006	ANDA
2006	ANCX
2006	ANAT
2006	AMTX
2006	AMSWA
2006	AMSGP
2006	AMSG
2006	AMRN
2006	AMRK
2006	AMRB
2006	AMOV
2006	AMOT
2006	AMNB
2006	AMIC
2006	AMEH
2006	AMED
2006	AMD
2006	AMCX
2006	AMBCW
2006	AMBC
2006	AMAG
2006	ALXA
2006	ALTY
2006	VNRBP
2006	ALQA
2006	ALLT
2006	ALGT
2006	ALCO
2006	AKTX
2006	AKRX
2006	AIXG
2006	AIRT
2006	AIRR
2006	AIRM
2006	VNRAP
2006	AIMC
2006	AHGP
2006	AGZD
2006	AGYS
2006	AGND
2006	AGNCP
2006	AGNCB
2006	AGMX
2006	AGIIL
2006	AGII
2006	AFSI
2006	AFAM
2006	AEZS
2006	AEY
2006	AETI
2006	AEMD
2006	AEGN
2006	ADXSW
2006	ADXS
2006	ADSK
2006	ADRU
2006	VNR
2006	ADRE
2006	ADRD
2006	ADRA
2006	ADP
2006	ADMP
2006	ADMA
2006	ADI
2006	ADAT
2006	VNQI
2006	ACXM
2006	ACWX
2006	ACWI
2006	ACUR
2006	ACTX
2006	ACTG
2006	ACTA
2006	ACST
2006	ACOR
2006	ACNB
2006	ACIW
2006	ACHN
2006	ACHC
2006	ACGL
2006	ACFC
2006	ACET
2006	ACBI
2006	ABUS
2006	ABMD
2006	ABIO
2006	ABEOW
2006	ABEO
2006	ABDC
2006	ABCD
2006	ABAC
2006	AAXJ
2006	AAWW
2006	VNDA
2006	AAON
2006	AAME
2006	AAL
2006	VMBS
2006	VLTC
2006	VLRX
2006	VLGEA
2006	ZION
2006	VIRC
2006	VIP
2006	VIIZ
2006	VIIX
2006	VIDI
2006	VICR
2006	VIAV
2006	VIAB
2006	VIA
2006	VGSH
2006	VGLT
2006	VGIT
2006	VGGL
2006	VDTH
2006	VDSI
2006	VCSH
2006	VCLT
2006	VCIT
2006	VCEL
2006	VBND
2006	VBIV
2006	VBFC
2006	VALX
2006	UVSP
2006	UTMD
2006	UTES
2006	USMD
2006	USLV
2006	USLM
2006	USLB
2006	USEG
2006	USCR
2006	USBI
2006	USATP
2006	USAT
2006	URRE
2006	UREE
2006	UPIP
2006	UNXL
2006	UNTY
2006	UNTD
2006	UNIS
2006	UNB
2006	UNAM
2006	UMPQ
2006	UMBF
2006	ULTR
2006	UK
2006	UIHC
2006	UHAL
2006	UGLD
2006	UG
2006	UFCS
2006	UDF
2006	UCFC
2006	UCBI
2006	UCBA
2006	UBSI
2006	UBSH
2006	UBOH
2006	UBNK
2006	UBND
2006	UBIO
2006	UBFO
2006	UBCP
2006	UAE
2006	TZOO
2006	TXN
2006	TWMC
2006	TWIN
2006	TWER
2006	TW
2006	TVIX
2006	TUTT
2006	TUTI
2006	TUSA
2006	TTS
2006	TTNP
2006	TTHI
2006	TST
2006	TSRI
2006	TSBK
2006	TRST
2006	TROVW
2006	TROVU
2006	TROV
2006	TRNS
2006	TRMK
2006	TRIP
2006	TRIL
2006	TREE
2006	TRCH
2006	TRCB
2006	TQQQ
2006	TOWN
2006	TOR
2006	TOPS
2006	TNXP
2006	TMUSP
2006	TMUS
2006	TLGT
2006	TLF
2006	TIPT
2006	TINY
2006	TILE
2006	TIL
2006	THTI
2006	THRM
2006	THFF
2006	TGTX
2006	TGA
2006	TFSL
2006	TESO
2006	TENX
2006	TECH
2006	TEAR
2006	TDIV
2006	TCX
2006	ZHNE
2006	TCFC
2006	TCCO
2006	TCBK
2006	TCBIW
2006	TCBIP
2006	TCBIL
2006	TBPH
2006	TBBK
2006	TAYD
2006	TAX
2006	TATT
2006	TAST
2006	TASR
2006	TAPR
2006	SZMK
2006	SYUT
2006	SYPR
2006	SYNL
2006	SYMX
2006	SYBT
2006	SXCL
2006	SWSH
2006	SWKS
2006	SWIR
2006	SWHC
2006	SVVC
2006	SVBI
2006	SVA
2006	SUNS
2006	SUMR
2006	SUBK
2006	STRZB
2006	STRZA
2006	STRT
2006	STRS
2006	STRM
2006	STRL
2006	STPP
2006	STLY
2006	STKS
2006	STKL
2006	STIM
2006	STBZ
2006	STBA
2006	STB
2006	STAA
2006	SSRI
2006	SSRG
2006	SSH
2006	SSFN
2006	SSBI
2006	SSB
2006	SRVA
2006	SRSC
2006	SRPT
2006	SRNE
2006	SRET
2006	SRCLP
2006	SRCE
2006	SQQQ
2006	SQBG
2006	SPU
2006	SPTN
2006	SPRO
2006	SPPI
2006	SPOK
2006	SPNE
2006	SPIL
2006	SPEX
2006	SPDC
2006	SPCB
2006	SPAR
2006	SP
2006	SOXX
2006	SORL
2006	SONS
2006	SONA
2006	SOHU
2006	SOHOM
2006	SOHOL
2006	SOHO
2006	SOFO
2006	SOCL
2006	SOCB
2006	SNFCA
2006	SNDX
2006	SNDE
2006	SNCR
2006	SNC
2006	SNBC
2006	SMTP
2006	SMTC
2006	SMT
2006	SMMF
2006	SMIT
2006	SMED
2006	SMCP
2006	SMBC
2006	SLVO
2006	SLTD
2006	SLP
2006	SLMBP
2006	SLMAP
2006	SLM
2006	SLCT
2006	SKYY
2006	SKOR
2006	SKLNU
2006	SKLN
2006	SKBI
2006	SIXD
2006	SIVBO
2006	SIVB
2006	SITO
2006	SIRO
2006	SIRI
2006	SINO
2006	SINA
2006	SILC
2006	SIGI
2006	SIFY
2006	SIFI
2006	SIEB
2006	SHPG
2006	SHOS
2006	SHLDW
2006	SHLD
2006	SHIP
2006	SHEN
2006	SHBI
2006	SGYPW
2006	SGYPU
2006	SGYP
2006	SGRP
2006	SGMS
2006	SGI
2006	SGC
2006	SGBK
2006	SFST
2006	SFNC
2006	SFLY
2006	SFBC
2006	SEV
2006	SENEB
2006	SENEA
2006	SEED
2006	SCSC
2006	SBSI
2006	SBRAP
2006	SBRA
2006	SBOT
2006	SBNYW
2006	SBLKL
2006	SBLK
2006	SBFGP
2006	SBFG
2006	SBCF
2006	SBBX
2006	ZBIO
2006	SAUC
2006	SATS
2006	SASR
2006	SANW
2006	SAL
2006	SAJA
2006	SAIA
2006	SAEX
2006	SAAS
2006	RXII
2006	RXDX
2006	RVSB
2006	RVLT
2006	RUSHB
2006	RUSHA
2006	ZAGG
2006	RTRX
2006	RSAS
2006	RRM
2006	RRD
2006	RPTP
2006	RPRXZ
2006	RPRXW
2006	RPRX
2006	Z
2006	ROYL
2006	ROVI
2006	ROIC
2006	ROIAK
2006	ROBO
2006	RNST
2006	RMI
2006	RMGN
2006	RMCF
2006	RLOG
2006	RLJE
2006	RIVR
2006	RITTW
2006	RILY
2006	RIBTW
2006	RIBT
2006	RGSE
2006	YRCW
2006	RGLD
2006	RGCO
2006	RFIL
2006	REXI
2006	RENT
2006	RELY
2006	RELV
2006	REIS
2006	REFR
2006	REDF
2006	RDVY
2006	RDNT
2006	RDIB
2006	RDI
2006	RDHL
2006	RDEN
2006	RCMT
2006	RBPAA
2006	RBIO
2006	RAVN
2006	RAVE
2006	RAND
2006	RADA
2006	QYLD
2006	QVCB
2006	QVCA
2006	QUMU
2006	QTWW
2006	QTEC
2006	QRVO
2006	QRHC
2006	QQXT
2006	QQQX
2006	QQQC
2006	QQQ
2006	QQEW
2006	YPRO
2006	YORW
2006	YOD
2006	QLTI
2006	QLGC
2006	QLC
2006	QKLS
2006	QINC
2006	QGEN
2006	QDEL
2006	QCRH
2006	QCLN
2006	QAT
2006	QADB
2006	QADA
2006	QABA
2006	PYPL
2006	PYDS
2006	PXS
2006	PWX
2006	PWOD
2006	PVTBP
2006	PUMP
2006	PULB
2006	YLCO
2006	PTX
2006	PTNR
2006	PTC
2006	PSTI
2006	PSMT
2006	PSIX
2006	PSDV
2006	PSCU
2006	PSCT
2006	PSCM
2006	PSCI
2006	PSCH
2006	PSCF
2006	PSCE
2006	PSCD
2006	PSCC
2006	PSBH
2006	PSAU
2006	PRZM
2006	PRXI
2006	PRTK
2006	PRTA
2006	PRSNW
2006	PRSN
2006	PRPH
2006	PROV
2006	PRIM
2006	PRGNL
2006	PRFZ
2006	PRAN
2006	PPSI
2006	PPHMP
2006	PPHM
2006	PPC
2006	PPBI
2006	POWL
2006	POPE
2006	PNTR
2006	PNRG
2006	PNRA
2006	PNQI
2006	PNK
2006	PNFP
2006	PNBK
2006	PMV
2006	PME
2006	PMD
2006	PMCS
2006	PLXS
2006	PLTM
2006	PLPM
2006	PLPC
2006	PLKI
2006	PLBC
2006	PKOH
2006	PKBK
2006	PIRS
2006	PICO
2006	PHMD
2006	PHIIK
2006	PHII
2006	PGTI
2006	PGLC
2006	PGC
2006	PFLT
2006	PFIS
2006	PFIN
2006	PFIE
2006	PFBX
2006	PFBC
2006	PETS
2006	PESI
2006	PERI
2006	PERF
2006	PEIX
2006	PEBO
2006	PEBK
2006	YDIV
2006	PDEX
2006	PDCE
2006	PDBC
2006	PCYO
2006	PCYG
2006	PCOM
2006	PCO
2006	PCMI
2006	PCH
2006	PCBK
2006	PCAR
2006	PBMD
2006	PBIP
2006	PBIB
2006	PBHC
2006	PBCT
2006	PBCP
2006	PATK
2006	PATI
2006	PAGG
2006	PACW
2006	YCB
2006	XTLB
2006	PAAS
2006	XPLR
2006	OXLCO
2006	OXLCN
2006	OXGN
2006	OVLY
2006	OVBC
2006	OVAS
2006	OUTR
2006	OTTR
2006	OTIV
2006	OTEL
2006	OSUR
2006	OSM
2006	OSIR
2006	OSHC
2006	OSBCP
2006	OSBC
2006	ORRF
2006	ORMP
2006	ORIT
2006	ORIG
2006	ORBK
2006	ORBC
2006	OPXAW
2006	OPXA
2006	OPOF
2006	OPHC
2006	ONTY
2006	ONFC
2006	ONEQ
2006	ONCS
2006	ONB
2006	ON
2006	OMEX
2006	OMAB
2006	OLED
2006	OLBK
2006	OIIM
2006	OHRP
2006	OHGI
2006	OHAI
2006	OGXI
2006	OFS
2006	OFLX
2006	ODP
2006	OCLSW
2006	OCLR
2006	OCFC
2006	OCC
2006	OCAT
2006	OBCI
2006	XIV
2006	NYNY
2006	NYMX
2006	NYMTP
2006	NYMTO
2006	NYMT
2006	NXTDW
2006	NXTD
2006	NWSA
2006	NWS
2006	NWLI
2006	NWFL
2006	NWBOW
2006	NVSL
2006	NVIV
2006	NVGN
2006	NVFY
2006	NVEC
2006	NVDQ
2006	NVCN
2006	NVAX
2006	NUROW
2006	NUAN
2006	NTWK
2006	NTRSP
2006	NTRS
2006	NTRI
2006	NTLS
2006	NTK
2006	NTIC
2006	NTES
2006	XELB
2006	NSYS
2006	NSSC
2006	NSIG
2006	NSEC
2006	NRIM
2006	NRCIB
2006	NRCIA
2006	NPBC
2006	NMRX
2006	NLST
2006	NKTR
2006	NKSH
2006	XCRA
2006	NIHD
2006	NICK
2006	NICE
2006	NHTC
2006	NHLD
2006	NGHCZ
2006	NGHCP
2006	NGHCO
2006	NGHC
2006	NFEC
2006	NFBK
2006	NEWTZ
2006	NEWT
2006	NEWS
2006	NEWP
2006	NETE
2006	NEPT
2006	NEON
2006	NEO
2006	NECB
2006	NDSN
2006	NDAQ
2006	XBKS
2006	NBTB
2006	ZNWAA
2006	NBN
2006	NBCP
2006	NBBC
2006	NAVI
2006	NAUH
2006	NATR
2006	NAME
2006	NAII
2006	MZOR
2006	MYRG
2006	MYOS
2006	MYL
2006	MXWL
2006	MU
2006	MTSC
2006	MTGEP
2006	MTEX
2006	MTBCP
2006	MSLI
2006	ZN
2006	MSFG
2006	MSEX
2006	MSCC
2006	MSBF
2006	MRTX
2006	MPET
2006	MPEL
2006	MPB
2006	MPAA
2006	MOFG
2006	MOCO
2006	MNTX
2006	MNST
2006	MNRK
2006	MNOV
2006	MNGA
2006	MNDO
2006	MMSI
2006	MMAC
2006	MLVF
2006	MLNK
2006	MLHR
2006	MLAB
2006	MITL
2006	MITK
2006	WWD
2006	MIFI
2006	MIDD
2006	MICTW
2006	MICT
2006	MHLDO
2006	MHLD
2006	MHGC
2006	MGYR
2006	MGPI
2006	MGLN
2006	MGI
2006	MGEE
2006	MGCD
2006	MFSF
2006	MFNC
2006	METR
2006	WVVIP
2006	MESG
2006	MERC
2006	MEOH
2006	MEIP
2006	MEET
2006	MDXG
2006	WVVI
2006	WVFC
2006	MDVN
2006	MDSY
2006	MDRX
2006	MDM
2006	MDLZ
2006	MDIV
2006	MDGS
2006	MDCA
2006	ZIXI
2006	WTFCW
2006	MCBC
2006	MBVT
2006	MBTF
2006	MBSD
2006	MBRG
2006	MBLX
2006	MBFIP
2006	MBFI
2006	MBCN
2006	WTFCM
2006	MAYS
2006	MAUI
2006	MATR
2006	MAT
2006	MARPS
2006	MARK
2006	MARA
2006	MAR
2006	MAPI
2006	MAMS
2006	LXRX
2006	LWAY
2006	LVNTB
2006	LVNTA
2006	LUNA
2006	LTXB
2006	LTRPB
2006	LTRPA
2006	LTBR
2006	LSCC
2006	LSBK
2006	LSBG
2006	LRAD
2006	LQDT
2006	LPTN
2006	LPSB
2006	LPNT
2006	LPCN
2006	LORL
2006	LOJN
2006	WTFC
2006	LOAN
2006	WTBA
2006	LNCE
2006	LMOS
2006	LMNR
2006	LMCK
2006	LMCB
2006	LMCA
2006	LMBS
2006	LMAT
2006	LLEX
2006	LKQ
2006	LKOR
2006	LKFN
2006	LIVN
2006	LIVE
2006	LITE
2006	LION
2006	LINE
2006	LIME
2006	LILAK
2006	LILA
2006	WSTG
2006	LGND
2006	LGCYP
2006	LGCYO
2006	LFVN
2006	LFUS
2006	LECO
2006	LE
2006	LDRI
2006	LCNB
2006	LBTYK
2006	LBTYB
2006	LBTYA
2006	LBRDK
2006	LBRDA
2006	LBIX
2006	LBIO
2006	LBAI
2006	LAWS
2006	LARK
2006	LANC
2006	LALT
2006	KZ
2006	KWEB
2006	KUTV
2006	KURA
2006	KTOVW
2006	KTOV
2006	KTOS
2006	KRNY
2006	WSFSL
2006	KOSS
2006	KOOL
2006	KNMD
2006	KNDI
2006	WSFS
2006	KLXI
2006	KLOX
2006	KLIC
2006	KINS
2006	KHC
2006	KGJI
2006	KFFB
2006	KERX
2006	KEQU
2006	KELYB
2006	KELYA
2006	KE
2006	KCLI
2006	KCAP
2006	KBAL
2006	KALU
2006	JXSB
2006	JSM
2006	JOUT
2006	JOEZ
2006	JNP
2006	JMBA
2006	JGBB
2006	JCTCF
2006	JCS
2006	JBHT
2006	JAXB
2006	WSCI
2006	JACK
2006	IXYS
2006	WSBF
2006	ITUS
2006	ITIC
2006	ITEQ
2006	WSBC
2006	ITCI
2006	ISM
2006	ISLE
2006	ISHG
2006	ISBC
2006	IRDMB
2006	IRDM
2006	IRCP
2006	IQNT
2006	IPXL
2006	IPKW
2006	IPHS
2006	IPGP
2006	IPCI
2006	IPAR
2006	IOSP
2006	INWK
2006	INVT
2006	INVE
2006	INTLL
2006	INTL
2006	INTG
2006	INTC
2006	INSM
2006	INO
2006	INFI
2006	INDY
2006	INDB
2006	INCY
2006	INBK
2006	IMOS
2006	IMNP          
2006	IMMY
2006	IMMU
2006	IKNX
2006	IKGH
2006	IIN
2006	IILG
2006	IIJI
2006	IIIN
2006	III
2006	IGOV
2006	IFV
2006	IFON
2006	IFGL
2006	IFEU
2006	IEUS
2006	IESC
2006	IEP
2006	IDSA
2006	IDRA
2006	IDLB
2006	IDCC
2006	ICON
2006	ICLN
2006	ICLDW
2006	ICLD
2006	ICFI
2006	WPRT
2006	ICAD
2006	IBOC
2006	IBKR
2006	IBKCP
2006	IBKC
2006	IBCP
2006	IBB
2006	IART
2006	IACI
2006	HYZD
2006	HYND
2006	HYLS
2006	HYGS
2006	HWKN
2006	HWCC
2006	HWBK
2006	HWAY
2006	HURC
2006	HTWR
2006	HTLF
2006	WPPGY
2006	HTBK
2006	HSON
2006	HSNI
2006	HRTX
2006	WPCS
2006	ZIV
2006	HQCL
2006	HPJ
2006	HOVNP
2006	HOTRW
2006	HOTR
2006	HOMB
2006	HOLI
2006	HOFT
2006	HNSN
2006	HNRG
2006	HNNA
2006	HNH
2006	HMTV
2006	HMPR
2006	HMNY
2006	HMNF
2006	HMIN
2006	WOOD
2006	HKTV
2006	HIMX
2006	HIHO
2006	HIFS
2006	HGSH
2006	HFWA
2006	HFFC
2006	HFBL
2006	HFBC
2006	HERO
2006	HEOP
2006	HELE
2006	HEES
2006	HEAR
2006	HDSN
2006	HCOM
2006	HCKT
2006	HCAPL
2006	HCAP
2006	WNFM
2006	WMIH
2006	WMGIZ
2006	HBP
2006	HBNC
2006	HBMD
2006	HBHCL
2006	HBHC
2006	HBCP
2006	HBANP
2006	HBAN
2006	HAS
2006	HART          
2006	HALO
2006	HALL
2006	HAIN
2006	HAFC
2006	HA
2006	GURE
2006	GULF
2006	GUID
2006	GTWN
2006	GTLS
2006	GTIM
2006	GT
2006	GSOL
2006	GSIG
2006	WLRHW
2006	GROW
2006	GRIF
2006	GRID
2006	GRFS
2006	GRBK
2006	GPRE
2006	GPOR
2006	GPIC
2006	WLRH
2006	WLDN
2006	WLB
2006	GOOGL
2006	GOODP
2006	GOODO
2006	GOODN
2006	GOLD
2006	GOGL
2006	GNTX
2006	GNST
2006	GNOW
2006	GNMA
2006	GNCMA
2006	GLSS
2006	GLRI
2006	GLPI
2006	GLNG
2006	GLDI
2006	GLDD
2006	GLDC
2006	GLBZ
2006	GLBS
2006	ZIOP
2006	GLADO
2006	GK
2006	GILT
2006	GIGM
2006	GGAL
2006	GFNSL
2006	GFNCP
2006	GFN
2006	GFED
2006	GEOS
2006	GENE
2006	GENC
2006	GDEN
2006	GCVRZ
2006	GCTS
2006	GCBC
2006	WINA
2006	GBNK
2006	GBLIZ
2006	GBLI
2006	GBCI
2006	GALTW
2006	GALTU
2006	GALT
2006	GALE
2006	GAINP
2006	GAINO
2006	GAINN
2006	GAI
2006	GABC
2006	FXENP
2006	FXEN
2006	FXCB
2006	FWRD
2006	FV
2006	FUND
2006	FUNC
2006	FULT
2006	FULLL
2006	FTW
2006	FTSM
2006	FTSL
2006	FTRPR
2006	FTR
2006	FTLB
2006	FTHI
2006	FTGC
2006	FTEK
2006	FTD
2006	FTCS
2006	FSZ
2006	FSYS
2006	FSV
2006	FSTR
2006	FSNN
2006	FSLR
2006	FSFR
2006	FSFG
2006	FSCFL
2006	FSBK
2006	FRPH
2006	FRP
2006	FRME
2006	FRGI
2006	FRBK
2006	FPXI
2006	FPA
2006	FOXA
2006	FOX
2006	FORTY
2006	WIN
2006	FORD
2006	FONE
2006	WILN
2006	WILC
2006	WIBC
2006	WHLRW
2006	FNLC
2006	FNJN
2006	FNHC
2006	FNFG
2006	FMNB
2006	FMER
2006	FMBI
2006	FMBH
2006	FMB
2006	FLXS
2006	FLN
2006	FLL
2006	WHLRP
2006	FLIC
2006	FLAT
2006	FLAG
2006	FKU
2006	FKO
2006	FJP
2006	FIZZ
2006	FITBI
2006	FITB
2006	FHK
2006	FHCO
2006	FGM
2006	FGBI
2006	FFWM
2006	FFNW
2006	FFNM
2006	FFKT
2006	FFIN
2006	FFIC
2006	FFHL
2006	FFBCW
2006	FFBC
2006	FEUZ
2006	FES
2006	FEP
2006	FEMS
2006	FEMB
2006	FEM
2006	FELE
2006	FEIM
2006	FDTS
2006	FDT
2006	FDML
2006	FDIV
2006	FDEF
2006	FCVT
2006	FCTY
2006	FCSC
2006	FCNCA
2006	FCLF
2006	FCFP
2006	FCEL
2006	FCCY
2006	FCCO
2006	FCBC
2006	FCAP
2006	FCAN
2006	FCA
2006	FBZ
2006	FBSS
2006	FBRC
2006	FBMS
2006	FBIZ
2006	FBIO
2006	FARM
2006	FALC
2006	EZCH
2006	EYEGW
2006	EYEG
2006	EXXI
2006	EXPO
2006	EXPE
2006	EXPD
2006	EXLS
2006	EXFO
2006	EWBC
2006	EVLV
2006	EVK
2006	EVEP
2006	EVBS
2006	EUFN
2006	WHLM
2006	ETFC
2006	ESXB
2006	ESSX
2006	ESSF
2006	ESSA
2006	ESND
2006	ESMC
2006	ESLT
2006	ESIO
2006	ESGR
2006	ESES
2006	ESEA
2006	ESCA
2006	ESBK
2006	ERW
2006	ERS
2006	ERIE
2006	ERIC
2006	ERI
2006	WHFBL
2006	WHF
2006	EPRS
2006	EPIX
2006	WGBS
2006	ENG
2006	ENDP
2006	EMMSP
2006	EML
2006	EMITF
2006	EMIF
2006	EMCG
2006	EMCF
2006	EMCB
2006	ELSE
2006	ELRC
2006	ELNK
2006	ELGX
2006	WFM
2006	WFD
2006	WFBI
2006	EHTH
2006	EGT
2006	EGLE
2006	EGHT
2006	EGBN
2006	EFUT
2006	EFSC
2006	EFOI
2006	EEML
2006	EEMA
2006	EDUC
2006	EDGW
2006	WEYS
2006	ECTE
2006	ECPG
2006	ECOL
2006	WETF
2006	WEN
2006	EBTC
2006	EBSB
2006	EBMT
2006	EBIX
2006	WEB
2006	WDC
2006	EA
2006	DYSL
2006	DYNT
2006	DXYN
2006	DXPS
2006	DXPE
2006	DXM
2006	DXLG
2006	DXKW
2006	DXJS
2006	DXGE
2006	DWTR
2006	DWSN
2006	DWAT
2006	DVCR
2006	DTYS
2006	DTYL
2006	DTUS
2006	DTUL
2006	DTRM
2006	DSLV
2006	DSKX
2006	DSGX
2006	DSCO
2006	DSCI
2006	DRAM
2006	DOX
2006	DORM
2006	DNBF
2006	WBA
2006	DMRC
2006	DMLP
2006	DLTH
2006	DLHC
2006	DLBS
2006	DLBL
2006	DJCO
2006	DISCK
2006	DISCB
2006	DISCA
2006	DIOD
2006	DHXM
2006	DHIL
2006	DGRW
2006	DGRS
2006	DGRE
2006	DGLY
2006	DGLD
2006	DGICA
2006	DFVS
2006	DFVL
2006	DEST
2006	DEPO
2006	DENN
2006	DELT
2006	DCOM
2006	DCIX
2006	DAX
2006	DAVE
2006	DARA
2006	CZWI
2006	CZNC
2006	CZFC
2006	CYTX
2006	CYRXW
2006	CYRX
2006	CYRN
2006	CYNA
2006	CYHHZ
2006	CYCCP
2006	CYCC
2006	CYAN
2006	WAYN
2006	CXSE
2006	CXRX
2006	CXDC
2006	CWCO
2006	CWBC
2006	CVV
2006	CVLY
2006	CVLT
2006	CVGW
2006	CVCY
2006	CVCO
2006	CVBF
2006	CUR
2006	CUNB
2006	CUI
2006	CUBN
2006	CUBA
2006	CU
2006	CTWS
2006	CTSO
2006	CTRV
2006	CTRE
2006	CTG
2006	CTCM
2006	CTBI
2006	CSWI
2006	CSWC
2006	CSIQ
2006	CSFL
2006	CSF
2006	CSBR
2006	CSBK
2006	CSB
2006	CSAL
2006	CSA
2006	CRWS
2006	CRVL
2006	CRTN
2006	CROX
2006	CRNT
2006	CRMT
2006	CRME
2006	CRIS
2006	CREG
2006	CRDT
2006	CRDI
2006	CRDC
2006	CRBP
2006	CRAY
2006	CPXX
2006	CPSH
2006	CPRX
2006	CPLA
2006	CPHR
2006	CPHC
2006	CPAH
2006	COYNW
2006	COYN
2006	COWNL
2006	COWN
2006	COST
2006	CORE
2006	COOL
2006	COMT
2006	COHU
2006	COHR
2006	COB
2006	CNYD
2006	CNTY
2006	CNOB
2006	WASH
2006	WAFDW
2006	WAFD
2006	CNIT
2006	WABC
2006	CNET
2006	CNCR
2006	CMTL
2006	CMPR
2006	CMCT
2006	CMCSK
2006	CMCSA
2006	CLUB
2006	CLSN
2006	CLRO
2006	CLRBW
2006	CLRB
2006	CLNT
2006	CLMT
2006	ZIONZ
2006	CLFD
2006	CLDX
2006	VXUS
2006	CLBS
2006	CLBH
2006	CKEC
2006	CJJD
2006	CIZN
2006	CIZ
2006	CIVBP
2006	CIVB
2006	CINF
2006	CIL
2006	CIGI
2006	CIFC
2006	CIDM
2006	CID
2006	CIBR
2006	CHTR
2006	CHSCP
2006	CHSCO
2006	CHSCN
2006	CHSCM
2006	CHSCL
2006	CHOP
2006	CHNR
2006	CHMG
2006	VXDN
2006	CHLN
2006	CHKE
2006	CHFC
2006	VWOB
2006	CHDN
2006	CHCO
2006	CGNT
2006	CGIX
2006	CFO
2006	CFNB
2006	CFGE
2006	CFFN
2006	CFFI
2006	CFCB
2006	CFBK
2006	CFA
2006	CEVA
2006	CETX
2006	CETC
2006	VUZI
2006	VUSE
2006	VTWV
2006	CENTA
2006	CEMI
2006	CELGZ
2006	CECE
2006	CDZI
2006	VTWO
2006	CDTI
2006	VTWG
2006	CDORP
2006	CDORO
2006	CDOR
2006	CDNS
2006	CDL
2006	CDK
2006	CDC
2006	CCUR
2006	CCOI
2006	CCNE
2006	CCFI
2006	CCD
2006	CCCL
2006	CCBG
2006	ZIONW
2006	CBSHP
2006	CBSH
2006	CBPO
2006	CBNK
2006	CBNJ
2006	CBMX
2006	CBMG
2006	CBLI
2006	CBIO
2006	CBFV
2006	CBAY
2006	CBAN
2006	CBAK
2006	CATYW
2006	CATY
2006	VTNR
2006	CASS
2006	CASM
2006	CASI
2006	CARZ
2006	CARV
2006	CART
2006	CARO
2006	CAR
2006	CAPX
2006	CAPR
2006	CALL
2006	CALI
2006	CADC
2006	CACQ
2006	CACB
2006	CAC
2006	CAAS
2006	CA
2006	VTIP
2006	BYLK
2006	BYFC
2006	BYBK
2006	BWINB
2006	BWINA
2006	BWEN
2006	VTHR
2006	BVA
2006	BUSE
2006	BUR
2006	BSTC
2006	BSRR
2006	BSPM
2006	BSF
2006	BSET
2006	BRKR
2006	BRKL
2006	BRID
2006	BREW
2006	BPTH
2006	BPOPN
2006	BPOPM
2006	BPOP
2006	VSEC
2006	BPFHW
2006	BPFHP
2006	BPFH
2006	BOXL
2006	BOTJ
2006	BOTA
2006	BOSC
2006	BOOM
2006	BOKF
2006	VSCP
2006	BOCH
2006	BOBE
2006	BNSO
2006	BNDX
2006	BNCN
2006	BNCL
2006	BMTC
2006	BMRC
2006	VRTS
2006	BLRX
2006	VRTB
2006	BLIN          
2006	BLFS
2006	BLDP
2006	BKSC
2006	BKMU
2006	BKEPP
2006	BJRI
2006	VRTA
2006	BITE
2006	BIS
2006	BIOS
2006	BIOL
2006	BIIB
2006	BICK
2006	BIB
2006	BGCP
2006	BFIN
2006	BELFB
2006	BELFA
2006	BDSI
2006	BDGE
2006	BDE
2006	BDBD
2006	BCPC
2006	BCOR
2006	BCOM
2006	BCLI
2006	BCDA
2006	BBRY
2006	BBP
2006	BBOX
2006	BBLU
2006	BBEPP
2006	BBEP
2006	BBCN
2006	BBC
2006	BANX
2006	BANR
2006	BANFP
2006	AYA
2006	VRNG
2006	AXPWW
2006	AXPW
2006	AXGN
2006	AXDX
2006	AXAS
2006	AVXL
2006	AVNW
2006	VRML
2006	AVHI
2006	AUPH
2006	AUBN
2006	ATVI
2006	ATTU
2006	ATSG
2006	ATRS
2006	ATRO
2006	ATRI
2006	ATNY
2006	ATNI
2006	ATLO
2006	ATHX
2006	ATEC
2006	ATAX
2006	ASYS
2006	ASUR
2006	ASTI
2006	ASTC
2006	ASRVP
2006	ASRV
2006	ASPS
2006	VPCOU
2006	ASNA
2006	ASMB
2006	ASEI
2006	ASCMA
2006	ASBI
2006	ARWR
2006	VPCO
2006	VOXX
2006	VONV
2006	VONG
2006	ARTW
2006	ARTNA
2006	ARRS
2006	AROW
2006	ARMH
2006	ARKR
2006	ARII
2006	ARCW
2006	ARCI
2006	ARCB
2006	ARBR
2006	VONE
2006	APWC
2006	APTO
2006	APRI
2006	APPY
2006	APPS
2006	VOD
2006	APOG
2006	APLP
2006	VNRCP
2007	OREX
2007	ARAY
2007	ULTA
2007	NCMI
2007	TITN
2007	CLNE
2007	TTGT
2007	REXX
2007	PRTS
2007	BIOD
2007	CHW
2007	ENOC
2007	ENSG
2007	AREX
2007	PODD
2007	PNNT
2007	MLNX
2007	BKCC
2007	MELI
2007	INFN
2007	AVAV
2007	CATM
2007	RBCN
2007	ETRM
2007	CAVM
2007	SCMP
2007	MDAS
2007	ATHN
2007	CISG
2007	GLUU
2007	TYPE
2007	CPLP
2007	GLRE
2007	MASI
2007	LULU
2007	VISN
2007	LLNW
2007	HAYN
2007	JASO
2007	JAZZ
2007	LGCY
2007	GSIT
2007	VRTU
2007	ZINC
2007	SNTA
2007	OCLS
2007	FCVA
2007	SMCI
2007	ROSG
2007	CSUN
2007	SHOR
2007	CTCT
2007	APEI
2007	AMCN
2007	TRS
2007	NSPH
2007	SCOR
2007	FOLD
2008	ATAI
2008	IPCM
2008	ERII
2008	LOPE
2008	HCCI
2008	AGNC
2008	FSC
2008	BEAT
2009	GSM
2009	ECHO
2009	TBNK
2009	DRWI
2009	VRSK
2009	MDSO
2009	NWBI
2009	ADUS
2009	CYOU
2009	CPIX
2009	AVGO
2009	FTNT
2009	OMER
2009	RCON
2009	LOGM
2010	KONE
2010	VRA
2010	AVEO
2010	RLOC
2010	GNMK
2010	GMAN
2010	RNET
2010	NXPI
2010	CHFN
2010	DHRM
2010	BSFT
2010	RP
2010	GBDC
2010	FULL
2010	TNAV
2010	BBRG
2010	ALIM
2010	ANTH
2010	OSN
2010	AEGR
2010	FNGN
2010	CDXS
2010	BONA
2010	AMRS
2010	SGOC
2010	PACB
2010	FIBK
2010	SLRC
2010	AFCB
2010	CCIH
2010	KEYW
2010	SODA
2010	CBOE
2010	LEDS
2010	SPSC
2010	SQI
2010	ANAC
2010	LPLA
2010	IRWD
2010	MCOX
2010	SSNC
2010	AOSL
2010	MMYT
2010	MOBI
2010	PRMW
2010	ZGNX
2010	PSTB
2010	HTHT
2010	HRZN
2010	TSLA
2010	TCRD
2010	QLIK
2010	QNST
2010	TFM
2011	CHEF
2011	OFED
2011	AWAY
2011	HZNP
2011	OCRX
2011	JIVE
2011	ENT
2011	BLMT
2011	PBSK
2011	GSVC
2011	UBNT
2011	FLDM
2011	FBNK
2011	ZLTQ
2011	JTPY
2011	SZYM
2011	SGNT
2011	ACRX
2011	BKEP
2011	CCLP
2011	SAVE
2011	ECYT
2011	OXLC
2011	RPXC
2011	MFRM
2011	MEMP
2011	IMI
2011	ANCB
2011	FRAN
2011	ZG
2011	GEVO
2011	ASBB
2011	MTGE
2011	WIFI
2011	SIBC
2011	GMLP
2011	MCEP
2011	CSOD
2011	ZNGA
2011	GRPN
2011	SKUL
2011	NLNK
2011	PCRX
2011	VNET
2011	ANGI
2011	WBKC
2011	CLVS
2011	WMGI
2011	IROQ
2011	DNKN
2011	SREV
2011	TNGO
2011	DATE
2011	BDCV
2011	FDUS
2011	YNDX
2011	CARB
2012	AMBA
2012	MACK
2012	LNCO
2012	FANG
2012	BLMN
2012	CLIR
2012	CZR
2012	QLYS
2012	BV
2012	MTSI
2012	NWBO
2012	VSTM
2012	FB
2012	SPLK
2012	CEMP
2012	HMST
2012	TCPC
2012	TSRO
2012	REGI
2012	HTBI
2012	FSBW
2012	SCTY
2012	MRCC
2012	EAC           
2012	HBK
2012	PRSS
2012	ATOS
2012	CHUY
2012	ENPH
2012	ICPT
2012	RGLS
2012	CG
2012	CERE
2012	DFRG
2012	YY
2012	FIVE
2012	SYNC
2012	SUPN
2012	MEILZ
2012	MEILW
2012	WEBK
2012	MEIL
2012	CSTE
2012	CCXI
2012	CBF
2012	EXA
2012	BCOV
2012	PFPT
2012	WHLR
2012	PFMT
2012	IRG
2012	TGLS
2013	GDEF
2013	SAMG
2013	TNDM
2013	ONTX
2013	SCAI
2013	FRBA
2013	FPRX
2013	FOXF
2013	OPHT
2013	UBIC
2013	QUNR
2013	FNBC
2013	CDW
2013	FMI
2013	SFM
2013	OXFD
2013	CTRL
2013	SFXE
2013	XONE
2013	AERI
2013	FEYE
2013	BNFT
2013	PANL
2013	CRTO
2013	KIN
2013	CCCR
2013	VCYT
2013	PBPB
2013	HAWK
2013	AFH
2013	SPHS
2013	KBSF
2013	KBIO
2013	BLUE
2013	KMDA
2013	KPTI
2013	LDRH
2013	FATE
2013	WSTC
2013	LGIH
2013	JASNW
2013	JASN
2013	LIND
2013	CPTA
2013	PEGI
2013	LINDW
2013	PETX
2013	MBII
2013	AGIO
2013	IPWR
2013	PINC
2013	IPDN
2013	XGTIW
2013	EVOK
2013	GWPH
2013	AAOI
2013	INSY
2013	COVS
2013	RLYP
2013	STCK
2013	ESPR
2013	STML
2013	CONE
2013	XGTI
2013	GOGO
2013	COMM
2013	MGNX
2013	NVEE
2013	TSC
2013	EPZM
2013	MKTO
2013	ENZY          
2013	PRGN
2013	ENTA
2013	WIX
2013	IBTX
2013	NSTG
2013	NMIH
2013	HTBX
2013	CNAT
2013	ABGB
2013	EIGI
2013	CMRX
2013	PTCT
2013	TBRA
2013	PTLA
2013	CAMBU
2013	QIWI
2013	HMHC
2013	HIIQ
2013	NCLH
2013	BIND
2013	WBB
2013	TTPH
2013	HDS
2013	NDLS
2013	THST
2013	ZAIS
2013	OMED
2013	GARS
2013	XLRN
2013	XNCR
2013	DELTW
2013	FWM
2013	TLOG
2013	FUEL
2013	ADHD
2013	SALE
2014	AMPH
2014	PAHC
2014	BLCM
2014	EVAR
2014	GNBC
2014	GNCA
2014	VTAE
2014	BLBD
2014	DPRX
2014	GWGH
2014	EBIO
2014	ACSF
2014	MDWD
2014	GGACW
2014	HDRAW
2014	INNL
2014	VSAR
2014	INGN
2014	DRNA
2014	HDRAU
2014	FGEN
2014	PLAY
2014	HDRAR
2014	INCR
2014	CORI
2014	GGACU
2014	VBTX
2014	TRVN
2014	HDRA
2014	HDP
2014	REPH
2014	MELR
2014	CDNA
2014	QURE
2014	IMDZ
2014	CADTR
2014	ALDX
2014	OPB
2014	SABR
2014	GGACR
2014	WATT
2014	GGAC
2014	SYRX
2014	GBIM
2014	FIVN
2014	MIK
2014	TERP
2014	SGNL
2014	ZSPH
2014	EARS
2014	ARGS
2014	AQXP
2014	CNXR
2014	NDRM
2014	CYBR
2014	OXBRW
2014	CNV
2014	XENT
2014	BWFG
2014	AGTC
2014	ABCW
2014	SFBS
2014	PRAH
2014	TWOU
2014	XENE
2014	VWR
2014	AUMAU
2014	VBLT
2014	MOBL
2014	ADMS
2014	OXBR
2014	SBCP
2014	SEMI
2014	TACO
2014	ENFC
2014	TACOW
2014	DERM
2014	NRX
2014	NERV
2014	PRQR
2014	OTIC
2014	FLXN
2014	CNLMU
2014	ATRA
2014	SCYX
2014	CARA
2014	VA
2014	PRTO
2014	ALDR
2014	MOKO
2014	DSKY
2014	MOLG
2014	TFSC
2014	CLDN
2014	MOMO
2014	TKAI
2014	CAPNW
2014	AKAO
2014	FRPT
2014	CNCE
2014	TRTL
2014	MRD
2014	TBK
2014	CERU
2014	MRKT
2014	MRNS
2014	MTBC
2014	HSGX
2014	AUMAW
2014	CAPN
2014	UPLD
2014	CFRXW
2014	TFSCW
2014	HQY
2014	RDUS
2014	EGRX
2014	RVNC
2014	EGLT
2014	WLRHU
2014	CMFN
2014	CADTU
2014	CFRX
2014	FRSH
2014	FOMX
2014	CAMBW
2014	DBVT
2014	PULM
2014	QTNT
2014	MTLS
2014	ORPN
2014	TRIV
2014	TGEN
2014	AGFS
2014	JRVR
2014	FWP
2014	JUNO
2014	AAVL
2014	KTWO
2014	AGFSW
2014	JYNT
2014	XNET
2014	TUBE
2014	SPKE
2014	KANG
2014	JD
2014	TRUE
2014	SAGE
2014	CADTW
2014	VNOM
2014	CAMB
2014	AFMD
2014	ROKA
2014	PCTY
2014	KITE
2014	RESN
2014	VRNS
2014	TLMR
2014	PARN
2014	TFSCU
2014	CWAY
2014	BIOC
2014	AUMA
2014	AGRX
2014	CHRS
2014	LMRK
2014	EYES
2014	SPWH
2014	AKER
2014	WB
2014	ISTR
2014	ZFGN
2014	LOCO
2014	GLMD
2014	TFSCR
2014	LOXO
2014	FSAM
2014	BHBK
2014	HABT
2014	WINS
2014	SMLR
2014	TRTLW
2014	ABY
2014	AKBA
2014	RARE
2014	ARDX
2014	IRMD
2014	TTOO
2014	OCUL
2014	GPRO
2014	GLYC
2014	CADT
2014	MBUU
2014	TRTLU
2014	PIH
2014	CALA
2014	SKYS
2014	SKIS
2014	TOUR
2014	AMDA
2014	RWLK
2014	TEDU
2014	SIEN
2014	NEOT
2014	VTL
2014	MCUR
2015	ZYNE
2015	ZSAN
2015	YECO
2015	XCOM
2015	XBIT
2015	WYIGW
2015	WYIGU
2015	WYIG
2015	WVE
2015	WOWO
2015	WING
2015	VYGR
2015	VTVT
2015	VKTX
2015	VIRT
2015	TCON
2015	TANH
2015	STDY
2015	SMMT
2015	SGRY
2015	SEDG
2015	SBBP
2015	RUN
2015	RTTR
2015	RPD
2015	RKDA
2015	RGNX
2015	QPACW
2015	QPACU
2015	QPAC
2015	PVBC
2015	PUB
2015	PTXP
2015	PMTS
2015	PDVW
2015	PACEW
2015	PACEU
2015	PACE
2015	PAACW
2015	PAACU
2015	PAACR
2015	PAAC
2015	OPGNW
2015	OPGN
2015	ONCE
2015	OLLI
2015	OESX
2015	OASM
2015	NVLS
2015	NVET
2015	NVCR
2015	NTRA
2015	NTEC
2015	NK
2015	NEOS
2015	NCOM
2015	NBRV
2015	MYOK
2015	MTCH
2015	MSG
2015	MIRN
2015	MIME
2015	MESO
2015	MDVXW
2015	MDVX
2015	MCRB
2015	MCFT
2015	MB
2015	LOB
2015	LNTH
2015	LMFAU
2015	LIFE
2015	LENS
2015	KRNT
2015	KMPH
2015	JAGX
2015	IVTY
2015	ITEK
2015	IOTS
2015	INOV
2015	ICBK
2015	HTGM
2015	HRMNW
2015	HRMNU
2015	HRMN
2015	HLG
2015	HCACW
2015	HCACU
2015	HCAC
2015	GRSHW
2015	GRSHU
2015	GRSH
2015	GPP
2015	GPIAW
2015	GPIAU
2015	GPIA
2015	GPACW
2015	GPACU
2015	GPAC
2015	GLPG
2015	GLBL
2015	GBT
2015	FORK
2015	FOGO
2015	FNWB
2015	FNTCW
2015	FNTCU
2015	FNTC
2015	FLKS
2015	FENX
2015	ETSY
2015	EQFN
2015	EQBK
2015	ENTL
2015	ELECW
2015	ELECU
2015	ELEC
2015	EDGE
2015	ECACU
2015	ECACR
2015	ECAC
2015	EAGLW
2015	EAGLU
2015	EAGL
2015	EACQW
2015	EACQU
2015	EACQ
2015	DTEA
2015	DNAI
2015	DMTX
2015	CYAD
2015	CTMX
2015	COLL
2015	CNLMW
2015	CNLMR
2015	CNLM
2015	CNFR
2015	CLLS
2015	CLCD
2015	CLACU
2015	CHMA
2015	CHEKW
2015	CHEK
2015	CFMS
2015	CERCZ
2015	CERCW
2015	CERC
2015	CDTX
2015	CDRB
2015	CBYL
2015	CATB
2015	CAFD
2015	BZUN
2015	BVXVW
2015	BVXV
2015	BUFF
2015	BPMC
2015	BOJA
2015	BNTCW
2015	BNTC
2015	BLVDW
2015	BLVDU
2015	BLVD
2015	BLPH
2015	BITI
2015	BHACW
2015	BHACU
2015	BHACR
2015	BHAC
2015	AXSM
2015	AVNU
2015	AVGR
2015	ASND
2015	ARWAW
2015	ARWAU
2015	ARWAR
2015	ARWA
2015	AQMS
2015	APPF
2015	APIC
2015	ALRM
2015	AIMT
2015	ADRO
2015	ADAP
2015	ACRS
2015	ABTX
2015	AAPC
2015	AAAP
